,A2H008,
,,
,,
Date,Time,Discharge in cumecs 
1/11/1917,12:00:00,
1/12/1917,12:00:00,0.027
1/1/1918,12:00:00,0.027
1/2/1918,12:00:00,0.029
1/3/1918,12:00:00,0.031
1/4/1918,12:00:00,0.035
1/5/1918,12:00:00,0.038
1/6/1918,12:00:00,0.04
1/7/1918,12:00:00,0.042
1/8/1918,12:00:00,0.043
1/9/1918,12:00:00,0.043
1/10/1918,12:00:00,0.044
1/11/1918,12:00:00,0.045
1/12/1918,12:00:00,0.045
1/1/1919,12:00:00,0.045
1/2/1919,12:00:00,0.045
1/3/1919,12:00:00,0.045
1/4/1919,12:00:00,0.045
1/5/1919,12:00:00,0.045
1/6/1919,12:00:00,0.045
1/7/1919,12:00:00,0.045
1/8/1919,12:00:00,0.045
1/9/1919,12:00:00,0.045
1/10/1919,12:00:00,0.045
1/11/1919,12:00:00,0.043
1/12/1919,12:00:00,0.043
1/1/1920,12:00:00,0.043
1/2/1920,12:00:00,0.042
1/3/1920,12:00:00,0.041
1/4/1920,12:00:00,0.041
1/5/1920,12:00:00,0.04
1/6/1920,12:00:00,0.04
1/7/1920,12:00:00,0.04
1/8/1920,12:00:00,0.04
1/9/1920,12:00:00,0.04
1/10/1920,12:00:00,0.04
1/11/1920,12:00:00,0.04
1/12/1920,12:00:00,0.04
1/1/1921,12:00:00,0.038
1/2/1921,12:00:00,0.036
1/3/1921,12:00:00,0.036
1/4/1921,12:00:00,0.036
1/5/1921,12:00:00,0.036
1/6/1921,12:00:00,0.038
1/7/1921,12:00:00,0.038
1/8/1921,12:00:00,0.04
1/9/1921,12:00:00,0.04
1/10/1921,12:00:00,0.038
1/11/1921,12:00:00,0.038
1/12/1921,12:00:00,0.038
1/1/1922,12:00:00,0.038
1/2/1922,12:00:00,0.038
1/3/1922,12:00:00,0.036
1/4/1922,12:00:00,0.038
1/5/1922,12:00:00,0.038
1/6/1922,12:00:00,0.038
1/7/1922,12:00:00,0.038
1/8/1922,12:00:00,0.038
1/9/1922,12:00:00,0.038
1/10/1922,12:00:00,0.036
1/11/1922,12:00:00,0.036
1/12/1922,12:00:00,0.036
1/1/1923,12:00:00,0.036
1/2/1923,12:00:00,0.036
1/3/1923,12:00:00,0.034
1/4/1923,12:00:00,0.034
1/5/1923,12:00:00,0.034
1/6/1923,12:00:00,0.034
1/7/1923,12:00:00,0.034
1/8/1923,12:00:00,0.036
1/9/1923,12:00:00,0.036
1/10/1923,12:00:00,0.036
1/11/1923,12:00:00,0.036
1/12/1923,12:00:00,0.036
1/1/1924,12:00:00,0.036
1/2/1924,12:00:00,0.036
1/3/1924,12:00:00,0.036
1/4/1924,12:00:00,0.034
1/5/1924,12:00:00,0.031
1/6/1924,12:00:00,0.031
1/7/1924,12:00:00,0.031
1/8/1924,12:00:00,0.031
1/9/1924,12:00:00,0.031
1/10/1924,12:00:00,0.031
1/11/1924,12:00:00,0.031
1/12/1924,12:00:00,0.031
1/1/1925,12:00:00,0.031
1/2/1925,12:00:00,0.03
1/3/1925,12:00:00,0.03
1/4/1925,12:00:00,0.03
1/5/1925,12:00:00,0.03
1/6/1925,12:00:00,0.03
1/7/1925,12:00:00,0.03
1/8/1925,12:00:00,0.03
1/9/1925,12:00:00,0.03
1/10/1925,12:00:00,0.03
1/11/1925,12:00:00,0.03
1/12/1925,12:00:00,0.03
1/1/1926,12:00:00,0.03
1/2/1926,12:00:00,0.03
1/3/1926,12:00:00,0.03
1/4/1926,12:00:00,0.03
1/5/1926,12:00:00,0.03
1/6/1926,12:00:00,0.03
1/7/1926,12:00:00,0.03
1/8/1926,12:00:00,0.03
1/9/1926,12:00:00,0.028
1/10/1926,12:00:00,0.028
1/11/1926,12:00:00,0.028
1/12/1926,12:00:00,0.028
1/1/1927,12:00:00,0.028
1/2/1927,12:00:00,0.027
1/3/1927,12:00:00,0.027
1/4/1927,12:00:00,0.027
1/5/1927,12:00:00,0.027
1/6/1927,12:00:00,0.027
1/7/1927,12:00:00,0.027
1/8/1927,12:00:00,0.027
1/9/1927,12:00:00,0.027
1/10/1927,12:00:00,0.027
1/11/1927,12:00:00,0.027
1/12/1927,12:00:00,0.027
1/1/1928,12:00:00,0.025
1/2/1928,12:00:00,0.025
1/3/1928,12:00:00,0.025
1/4/1928,12:00:00,0.024
1/5/1928,12:00:00,0.025
1/6/1928,12:00:00,0.025
1/7/1928,12:00:00,0.027
1/8/1928,12:00:00,0.027
1/9/1928,12:00:00,0.027
1/10/1928,12:00:00,0.027
1/11/1928,12:00:00,0.027
1/12/1928,12:00:00,0.025
1/1/1929,12:00:00,0.021
1/2/1929,12:00:00,0.022
1/3/1929,12:00:00,0.024
1/4/1929,12:00:00,0.025
1/5/1929,12:00:00,0.029
1/6/1929,12:00:00,0.024
1/7/1929,12:00:00,0.024
1/8/1929,12:00:00,0.024
1/9/1929,12:00:00,0.022
1/10/1929,12:00:00,0.022
1/11/1929,12:00:00,0.022
1/12/1929,12:00:00,0.022
1/1/1930,12:00:00,0.022
1/2/1930,12:00:00,0.024
1/3/1930,12:00:00,0.024
1/4/1930,12:00:00,0.025
1/5/1930,12:00:00,0.025
1/6/1930,12:00:00,0.027
1/7/1930,12:00:00,0.027
1/8/1930,12:00:00,0.031
1/9/1930,12:00:00,0.031
1/10/1930,12:00:00,0.03
1/11/1930,12:00:00,0.03
1/12/1930,12:00:00,0.033
1/1/1931,12:00:00,0.031
1/2/1931,12:00:00,0.033
1/3/1931,12:00:00,0.033
1/4/1931,12:00:00,0.037
1/5/1931,12:00:00,0.034
1/6/1931,12:00:00,0.033
1/7/1931,12:00:00,0.033
1/8/1931,12:00:00,0.033
1/9/1931,12:00:00,0.033
1/10/1931,12:00:00,0.033
1/11/1931,12:00:00,0.033
1/12/1931,12:00:00,0.033
1/1/1932,12:00:00,0.033
1/2/1932,12:00:00,0.031
1/3/1932,12:00:00,0.031
1/4/1932,12:00:00,0.033
1/5/1932,12:00:00,0.033
1/6/1932,12:00:00,0.033
1/7/1932,12:00:00,0.03
1/8/1932,12:00:00,0.03
1/9/1932,12:00:00,0.03
1/10/1932,12:00:00,0.031
1/11/1932,12:00:00,0.031
1/12/1932,12:00:00,0.031
1/1/1933,12:00:00,0.031
1/2/1933,12:00:00,0.031
1/3/1933,12:00:00,0.034
1/4/1933,12:00:00,0.034
1/5/1933,12:00:00,0.028
1/6/1933,12:00:00,0.028
1/7/1933,12:00:00,0.028
1/8/1933,12:00:00,0.028
1/9/1933,12:00:00,0.028
1/10/1933,12:00:00,0.028
1/11/1933,12:00:00,0.028
1/12/1933,12:00:00,0.028
1/1/1934,12:00:00,0.028
1/2/1934,12:00:00,0.028
1/3/1934,12:00:00,0.028
1/4/1934,12:00:00,0.028
1/5/1934,12:00:00,0.028
1/6/1934,12:00:00,0.028
1/7/1934,12:00:00,0.028
1/8/1934,12:00:00,0.028
1/9/1934,12:00:00,0.028
1/10/1934,12:00:00,0.028
1/11/1934,12:00:00,0.028
1/12/1934,12:00:00,0.028
1/1/1935,12:00:00,0.028
1/2/1935,12:00:00,0.028
1/3/1935,12:00:00,0.028
1/4/1935,12:00:00,0.028
1/5/1935,12:00:00,0.028
1/6/1935,12:00:00,0.027
1/7/1935,12:00:00,0.027
1/8/1935,12:00:00,0.027
1/9/1935,12:00:00,0.027
1/10/1935,12:00:00,0.027
1/11/1935,12:00:00,0.027
1/12/1935,12:00:00,0.027
1/1/1936,12:00:00,0.026
1/2/1936,12:00:00,0.024
1/3/1936,12:00:00,0.024
1/4/1936,12:00:00,0.024
1/5/1936,12:00:00,0.024
1/6/1936,12:00:00,0.027
1/7/1936,12:00:00,0.027
1/8/1936,12:00:00,0.027
1/9/1936,12:00:00,0.027
1/10/1936,12:00:00,0.027
1/11/1936,12:00:00,0.027
1/12/1936,12:00:00,0.029
1/1/1937,12:00:00,0.03
1/2/1937,12:00:00,0.03
1/3/1937,12:00:00,0.03
1/4/1937,12:00:00,0.03
1/5/1937,12:00:00,0.03
1/6/1937,12:00:00,0.03
1/7/1937,12:00:00,0.03
1/8/1937,12:00:00,0.03
1/9/1937,12:00:00,0.03
1/10/1937,12:00:00,0.03
1/11/1937,12:00:00,0.03
1/12/1937,12:00:00,
1/1/1938,12:00:00,
1/2/1938,12:00:00,
1/3/1938,12:00:00,0.03
1/4/1938,12:00:00,0.031
1/5/1938,12:00:00,0.033
1/6/1938,12:00:00,0.034
1/7/1938,12:00:00,0.034
1/8/1938,12:00:00,0.034
1/9/1938,12:00:00,0.031
1/10/1938,12:00:00,0.031
1/11/1938,12:00:00,0.032
1/12/1938,12:00:00,0.033
1/1/1939,12:00:00,0.036
1/2/1939,12:00:00,0.035
1/3/1939,12:00:00,0.038
1/4/1939,12:00:00,0.034
1/5/1939,12:00:00,0.031
1/6/1939,12:00:00,0.032
1/7/1939,12:00:00,0.03
1/8/1939,12:00:00,0.031
1/9/1939,12:00:00,0.03
1/10/1939,12:00:00,0.032
1/11/1939,12:00:00,0.031
1/12/1939,12:00:00,0.03
1/1/1940,12:00:00,0.035
1/2/1940,12:00:00,0.034
1/3/1940,12:00:00,0.037
1/4/1940,12:00:00,0.035
1/5/1940,12:00:00,0.031
1/6/1940,12:00:00,0.031
1/7/1940,12:00:00,0.031
1/8/1940,12:00:00,0.032
1/9/1940,12:00:00,0.033
1/10/1940,12:00:00,0.038
1/11/1940,12:00:00,0.039
1/12/1940,12:00:00,0.033
1/1/1941,12:00:00,0.034
1/2/1941,12:00:00,0.03
1/3/1941,12:00:00,0.032
1/4/1941,12:00:00,0.032
1/5/1941,12:00:00,0.034
1/6/1941,12:00:00,0.033
1/7/1941,12:00:00,0.032
1/8/1941,12:00:00,0.031
1/9/1941,12:00:00,0.035
1/10/1941,12:00:00,0.035
1/11/1941,12:00:00,0.035
1/12/1941,12:00:00,0.033
1/1/1942,12:00:00,0.035
1/2/1942,12:00:00,0.034
1/3/1942,12:00:00,0.034
1/4/1942,12:00:00,0.033
1/5/1942,12:00:00,0.034
1/6/1942,12:00:00,0.034
1/7/1942,12:00:00,0.033
1/8/1942,12:00:00,0.033
1/9/1942,12:00:00,0.033
1/10/1942,12:00:00,0.033
1/11/1942,12:00:00,0.034
1/12/1942,12:00:00,0.033
1/1/1943,12:00:00,0.036
1/2/1943,12:00:00,0.035
1/3/1943,12:00:00,0.034
1/4/1943,12:00:00,0.034
1/5/1943,12:00:00,0.035
1/6/1943,12:00:00,0.035
1/7/1943,12:00:00,0.034
1/8/1943,12:00:00,0.034
1/9/1943,12:00:00,0.036
1/10/1943,12:00:00,0.033
1/11/1943,12:00:00,0.034
1/12/1943,12:00:00,0.036
1/1/1944,12:00:00,
1/2/1944,12:00:00,
1/3/1944,12:00:00,
1/4/1944,12:00:00,
1/5/1944,12:00:00,
1/6/1944,12:00:00,
1/7/1944,12:00:00,
1/8/1944,12:00:00,
1/9/1944,12:00:00,0.04
1/10/1944,12:00:00,0.04
1/11/1944,12:00:00,0.041
1/12/1944,12:00:00,0.041
1/1/1945,12:00:00,0.058
1/2/1945,12:00:00,0.039
1/3/1945,12:00:00,0.041
1/4/1945,12:00:00,0.052
1/5/1945,12:00:00,0.053
1/6/1945,12:00:00,0.044
1/7/1945,12:00:00,0.044
1/8/1945,12:00:00,0.044
1/9/1945,12:00:00,0.046
1/10/1945,12:00:00,0.046
1/11/1945,12:00:00,0.043
1/12/1945,12:00:00,0.041
1/1/1946,12:00:00,0.044
1/2/1946,12:00:00,0.055
1/3/1946,12:00:00,0.064
1/4/1946,12:00:00,0.053
1/5/1946,12:00:00,0.042
1/6/1946,12:00:00,0.042
1/7/1946,12:00:00,0.041
1/8/1946,12:00:00,0.045
1/9/1946,12:00:00,0.046
1/10/1946,12:00:00,0.045
1/11/1946,12:00:00,0.043
1/12/1946,12:00:00,0.04
1/1/1947,12:00:00,0.04
1/2/1947,12:00:00,0.042
1/3/1947,12:00:00,0.041
1/4/1947,12:00:00,0.04
1/5/1947,12:00:00,0.04
1/6/1947,12:00:00,0.039
1/7/1947,12:00:00,0.04
1/8/1947,12:00:00,0.041
1/9/1947,12:00:00,0.041
1/10/1947,12:00:00,0.04
1/11/1947,12:00:00,0.039
1/12/1947,12:00:00,0.038
1/1/1948,12:00:00,0.038
1/2/1948,12:00:00,0.04
1/3/1948,12:00:00,0.039
1/4/1948,12:00:00,0.038
1/5/1948,12:00:00,0.038
1/6/1948,12:00:00,0.039
1/7/1948,12:00:00,0.041
1/8/1948,12:00:00,0.042
1/9/1948,12:00:00,0.039
1/10/1948,12:00:00,0.038
1/11/1948,12:00:00,0.039
1/12/1948,12:00:00,0.037
1/1/1949,12:00:00,0.035
1/2/1949,12:00:00,0.035
1/3/1949,12:00:00,0.038
1/4/1949,12:00:00,0.037
1/5/1949,12:00:00,0.035
1/6/1949,12:00:00,0.034
1/7/1949,12:00:00,0.034
1/8/1949,12:00:00,0.035
1/9/1949,12:00:00,0.036
1/10/1949,12:00:00,0.035
1/11/1949,12:00:00,0.034
1/12/1949,12:00:00,0.034
1/1/1950,12:00:00,0.036
1/2/1950,12:00:00,0.034
1/3/1950,12:00:00,0.033
1/4/1950,12:00:00,0.031
1/5/1950,12:00:00,0.027
1/6/1950,12:00:00,0.021
1/7/1950,12:00:00,0.02
1/8/1950,12:00:00,0.015
1/9/1950,12:00:00,0.015
1/10/1950,12:00:00,0.018
1/11/1950,12:00:00,0.02
1/12/1950,12:00:00,0.03
1/1/1951,12:00:00,0.04
1/2/1951,12:00:00,0.038
1/3/1951,12:00:00,0.038
1/4/1951,12:00:00,0.038
1/5/1951,12:00:00,0.038
1/6/1951,12:00:00,0.038
1/7/1951,12:00:00,0.038
1/8/1951,12:00:00,0.038
1/9/1951,12:00:00,0.038
1/10/1951,12:00:00,0.038
1/11/1951,12:00:00,0.038
1/12/1951,12:00:00,0.036
1/1/1952,12:00:00,0.038
1/2/1952,12:00:00,0.038
1/3/1952,12:00:00,0.036
1/4/1952,12:00:00,0.034
1/5/1952,12:00:00,0.034
1/6/1952,12:00:00,0.036
1/7/1952,12:00:00,0.036
1/8/1952,12:00:00,0.036
1/9/1952,12:00:00,0.036
1/10/1952,12:00:00,0.036
1/11/1952,12:00:00,0.036
1/12/1952,12:00:00,0.036
1/1/1953,12:00:00,0.034
1/2/1953,12:00:00,0.034
1/3/1953,12:00:00,0.034
1/4/1953,12:00:00,0.033
1/5/1953,12:00:00,0.032
1/6/1953,12:00:00,0.031
1/7/1953,12:00:00,0.032
1/8/1953,12:00:00,0.033
1/9/1953,12:00:00,0.033
1/10/1953,12:00:00,0.034
1/11/1953,12:00:00,0.033
1/12/1953,12:00:00,0.033
1/1/1954,12:00:00,0.032
1/2/1954,12:00:00,0.031
1/3/1954,12:00:00,0.031
1/4/1954,12:00:00,0.031
1/5/1954,12:00:00,0.033
1/6/1954,12:00:00,0.034
1/7/1954,12:00:00,0.034
1/8/1954,12:00:00,0.034
1/9/1954,12:00:00,0.034
1/10/1954,12:00:00,0.036
1/11/1954,12:00:00,0.038
1/12/1954,12:00:00,0.038
1/1/1955,12:00:00,0.038
1/2/1955,12:00:00,0.038
1/3/1955,12:00:00,0.038
1/4/1955,12:00:00,0.035
1/5/1955,12:00:00,0.037
1/6/1955,12:00:00,0.041
1/7/1955,12:00:00,0.039
1/8/1955,12:00:00,0.04
1/9/1955,12:00:00,
1/10/1955,12:00:00,
1/11/1955,12:00:00,
1/12/1955,12:00:00,0.051
1/1/1956,12:00:00,
1/2/1956,12:00:00,
1/3/1956,12:00:00,
1/4/1956,12:00:00,0.047
1/5/1956,12:00:00,0.048
1/6/1956,12:00:00,0.045
1/7/1956,12:00:00,0.045
1/8/1956,12:00:00,0.045
1/9/1956,12:00:00,0.045
1/10/1956,12:00:00,0.045
1/11/1956,12:00:00,0.045
1/12/1956,12:00:00,0.045
1/1/1957,12:00:00,0.045
1/2/1957,12:00:00,0.045
1/3/1957,12:00:00,0.045
1/4/1957,12:00:00,0.045
1/5/1957,12:00:00,
1/6/1957,12:00:00,
1/7/1957,12:00:00,
1/8/1957,12:00:00,
1/9/1957,12:00:00,
1/10/1957,12:00:00,0.045
1/11/1957,12:00:00,0.045
1/12/1957,12:00:00,0.045
1/1/1958,12:00:00,0.045
1/2/1958,12:00:00,0.045
1/3/1958,12:00:00,0.045
1/4/1958,12:00:00,0.045
1/5/1958,12:00:00,0.041
1/6/1958,12:00:00,0.041
1/7/1958,12:00:00,0.041
1/8/1958,12:00:00,0.041
1/9/1958,12:00:00,0.041
1/10/1958,12:00:00,0.041
1/11/1958,12:00:00,0.041
1/12/1958,12:00:00,
1/1/1959,12:00:00,
1/2/1959,12:00:00,
1/3/1959,12:00:00,0.04
1/4/1959,12:00:00,0.04
1/5/1959,12:00:00,0.041
1/6/1959,12:00:00,0.043
1/7/1959,12:00:00,0.043
1/8/1959,12:00:00,0.043
1/9/1959,12:00:00,
1/10/1959,12:00:00,
1/11/1959,12:00:00,
1/12/1959,12:00:00,0.043
1/1/1960,12:00:00,0.042
1/2/1960,12:00:00,0.045
1/3/1960,12:00:00,0.043
1/4/1960,12:00:00,0.043
1/5/1960,12:00:00,0.043
1/6/1960,12:00:00,0.043
1/7/1960,12:00:00,0.04
1/8/1960,12:00:00,0.04
1/9/1960,12:00:00,0.04
1/10/1960,12:00:00,0.04
1/11/1960,12:00:00,0.041
1/12/1960,12:00:00,0.041
1/1/1961,12:00:00,0.042
1/2/1961,12:00:00,0.041
1/3/1961,12:00:00,0.035
1/4/1961,12:00:00,0.034
1/5/1961,12:00:00,0.034
1/6/1961,12:00:00,0.034
1/7/1961,12:00:00,0.034
1/8/1961,12:00:00,0.035
1/9/1961,12:00:00,0.036
1/10/1961,12:00:00,0.036
1/11/1961,12:00:00,0.036
1/12/1961,12:00:00,0.035
1/1/1962,12:00:00,0.034
1/2/1962,12:00:00,0.034
1/3/1962,12:00:00,0.036
1/4/1962,12:00:00,0.035
1/5/1962,12:00:00,0.034
1/6/1962,12:00:00,0.034
1/7/1962,12:00:00,0.036
1/8/1962,12:00:00,0.035
1/9/1962,12:00:00,0.033
1/10/1962,12:00:00,0.031
1/11/1962,12:00:00,0.033
1/12/1962,12:00:00,0.033
1/1/1963,12:00:00,0.031
1/2/1963,12:00:00,0.031
1/3/1963,12:00:00,0.03
1/4/1963,12:00:00,0.03
1/5/1963,12:00:00,0.03
1/6/1963,12:00:00,0.03
1/7/1963,12:00:00,0.03
1/8/1963,12:00:00,0.03
1/9/1963,12:00:00,0.03
1/10/1963,12:00:00,0.03
1/11/1963,12:00:00,0.03
1/12/1963,12:00:00,0.029
1/1/1964,12:00:00,0.028
1/2/1964,12:00:00,0.027
1/3/1964,12:00:00,0.026
1/4/1964,12:00:00,0.025
1/5/1964,12:00:00,0.025
1/6/1964,12:00:00,0.025
1/7/1964,12:00:00,0.025
1/8/1964,12:00:00,0.025
1/9/1964,12:00:00,0.027
1/10/1964,12:00:00,0.027
1/11/1964,12:00:00,0.027
1/12/1964,12:00:00,0.028
1/1/1965,12:00:00,0.03
1/2/1965,12:00:00,0.03
1/3/1965,12:00:00,0.027
1/4/1965,12:00:00,0.024
1/5/1965,12:00:00,0.024
1/6/1965,12:00:00,0.024
1/7/1965,12:00:00,0.024
1/8/1965,12:00:00,0.024
1/9/1965,12:00:00,0.024
1/10/1965,12:00:00,0.025
1/11/1965,12:00:00,0.025
1/12/1965,12:00:00,0.025
1/1/1966,12:00:00,0.025
1/2/1966,12:00:00,0.025
1/3/1966,12:00:00,0.028
1/4/1966,12:00:00,0.028
1/5/1966,12:00:00,0.028
1/6/1966,12:00:00,0.028
1/7/1966,12:00:00,0.028
1/8/1966,12:00:00,0.028
1/9/1966,12:00:00,0.026
1/10/1966,12:00:00,0.025
1/11/1966,12:00:00,0.025
1/12/1966,12:00:00,
1/1/1967,12:00:00,
1/2/1967,12:00:00,
1/3/1967,12:00:00,0.025
1/4/1967,12:00:00,0.028
1/5/1967,12:00:00,0.03
1/6/1967,12:00:00,0.03
1/7/1967,12:00:00,0.03
1/8/1967,12:00:00,0.031
1/9/1967,12:00:00,0.031
1/10/1967,12:00:00,0.031
1/11/1967,12:00:00,0.031
1/12/1967,12:00:00,0.031
1/1/1968,12:00:00,0.031
1/2/1968,12:00:00,0.031
1/3/1968,12:00:00,0.031
1/4/1968,12:00:00,0.031
1/5/1968,12:00:00,0.031
1/6/1968,12:00:00,0.031
1/7/1968,12:00:00,0.031
1/8/1968,12:00:00,0.031
1/9/1968,12:00:00,0.035
1/10/1968,12:00:00,0.041
1/11/1968,12:00:00,0.042
1/12/1968,12:00:00,0.041
1/1/1969,12:00:00,0.041
1/2/1969,12:00:00,0.041
1/3/1969,12:00:00,0.041
1/4/1969,12:00:00,0.041
1/5/1969,12:00:00,0.042
1/6/1969,12:00:00,0.041
1/7/1969,12:00:00,0.037
1/8/1969,12:00:00,0.036
1/9/1969,12:00:00,0.037
1/10/1969,12:00:00,0.036
1/11/1969,12:00:00,0.036
1/12/1969,12:00:00,0.036
1/1/1970,12:00:00,0.036
1/2/1970,12:00:00,0.037
1/3/1970,12:00:00,0.036
1/4/1970,12:00:00,0.036
1/5/1970,12:00:00,0.036
1/6/1970,12:00:00,0.037
1/7/1970,12:00:00,0.037
1/8/1970,12:00:00,0.036
1/9/1970,12:00:00,0.038
1/10/1970,12:00:00,0.038
1/11/1970,12:00:00,0.038
1/12/1970,12:00:00,0.038
1/1/1971,12:00:00,0.038
1/2/1971,12:00:00,0.038
1/3/1971,12:00:00,0.038
1/4/1971,12:00:00,0.038
1/5/1971,12:00:00,0.038
1/6/1971,12:00:00,0.038
1/7/1971,12:00:00,0.038
1/8/1971,12:00:00,0.038
1/9/1971,12:00:00,0.038
1/10/1971,12:00:00,0.038
1/11/1971,12:00:00,0.038
1/12/1971,12:00:00,0.038
1/1/1972,12:00:00,0.038
1/2/1972,12:00:00,0.038
1/3/1972,12:00:00,0.038
1/4/1972,12:00:00,0.038
1/5/1972,12:00:00,0.038
1/6/1972,12:00:00,0.038
1/7/1972,12:00:00,0.038
1/8/1972,12:00:00,
1/9/1972,12:00:00,
1/10/1972,12:00:00,
1/11/1972,12:00:00,0.038
1/12/1972,12:00:00,0.038
1/1/1973,12:00:00,0.038
1/2/1973,12:00:00,0.038
1/3/1973,12:00:00,0.038
1/4/1973,12:00:00,0.038
1/5/1973,12:00:00,0.038
1/6/1973,12:00:00,0.038
1/7/1973,12:00:00,0.038
1/8/1973,12:00:00,0.038
1/9/1973,12:00:00,0.038
1/10/1973,12:00:00,0.038
1/11/1973,12:00:00,0.038
1/12/1973,12:00:00,0.038
1/1/1974,12:00:00,0.038
1/2/1974,12:00:00,0.039
1/3/1974,12:00:00,0.038
1/4/1974,12:00:00,0.038
1/5/1974,12:00:00,0.038
1/6/1974,12:00:00,0.038
1/7/1974,12:00:00,0.038
1/8/1974,12:00:00,0.038
1/9/1974,12:00:00,0.038
1/10/1974,12:00:00,0.038
1/11/1974,12:00:00,0.038
1/12/1974,12:00:00,0.038
1/1/1975,12:00:00,0.038
1/2/1975,12:00:00,0.038
1/3/1975,12:00:00,0.041
1/4/1975,12:00:00,0.041
1/5/1975,12:00:00,0.041
1/6/1975,12:00:00,0.044
1/7/1975,12:00:00,0.046
1/8/1975,12:00:00,0.047
1/9/1975,12:00:00,0.048
1/10/1975,12:00:00,0.048
1/11/1975,12:00:00,0.048
1/12/1975,12:00:00,0.048
1/1/1976,12:00:00,0.048
1/2/1976,12:00:00,0.048
1/3/1976,12:00:00,0.048
1/4/1976,12:00:00,0.048
1/5/1976,12:00:00,0.048
1/6/1976,12:00:00,0.048
1/7/1976,12:00:00,0.051
1/8/1976,12:00:00,0.052
1/9/1976,12:00:00,0.052
1/10/1976,12:00:00,0.053
1/11/1976,12:00:00,0.054
1/12/1976,12:00:00,0.054
1/1/1977,12:00:00,0.052
1/2/1977,12:00:00,0.052
1/3/1977,12:00:00,0.052
1/4/1977,12:00:00,0.05
1/5/1977,12:00:00,0.05
1/6/1977,12:00:00,0.05
1/7/1977,12:00:00,0.05
1/8/1977,12:00:00,0.05
1/9/1977,12:00:00,0.05
1/10/1977,12:00:00,0.05
1/11/1977,12:00:00,0.05
1/12/1977,12:00:00,0.05
1/1/1978,12:00:00,0.048
1/2/1978,12:00:00,0.05
1/3/1978,12:00:00,0.056
1/4/1978,12:00:00,0.062
1/5/1978,12:00:00,0.063
1/6/1978,12:00:00,0.063
1/7/1978,12:00:00,0.063
1/8/1978,12:00:00,0.063
1/9/1978,12:00:00,0.063
1/10/1978,12:00:00,0.063
1/11/1978,12:00:00,0.063
1/12/1978,12:00:00,0.063
1/1/1979,12:00:00,0.061
1/2/1979,12:00:00,0.061
1/3/1979,12:00:00,0.057
1/4/1979,12:00:00,0.055
1/5/1979,12:00:00,0.055
1/6/1979,12:00:00,0.055
1/7/1979,12:00:00,0.055
1/8/1979,12:00:00,0.055
1/9/1979,12:00:00,0.055
1/10/1979,12:00:00,0.052
1/11/1979,12:00:00,0.052
1/12/1979,12:00:00,0.048
1/1/1980,12:00:00,0.048
1/2/1980,12:00:00,0.048
1/3/1980,12:00:00,0.048
1/4/1980,12:00:00,0.048
1/5/1980,12:00:00,0.048
1/6/1980,12:00:00,0.048
1/7/1980,12:00:00,0.048
1/8/1980,12:00:00,0.048
1/9/1980,12:00:00,0.048
1/10/1980,12:00:00,0.048
1/11/1980,12:00:00,0.048
1/12/1980,12:00:00,0.048
1/1/1981,12:00:00,0.048
1/2/1981,12:00:00,0.048
1/3/1981,12:00:00,0.048
1/4/1981,12:00:00,0.047
1/5/1981,12:00:00,0.046
1/6/1981,12:00:00,0.045
1/7/1981,12:00:00,0.045
1/8/1981,12:00:00,0.045
1/9/1981,12:00:00,0.045
1/10/1981,12:00:00,0.045
1/11/1981,12:00:00,0.045
1/12/1981,12:00:00,0.042
1/1/1982,12:00:00,0.041
1/2/1982,12:00:00,0.041
1/3/1982,12:00:00,0.041
1/4/1982,12:00:00,0.041
1/5/1982,12:00:00,0.04
1/6/1982,12:00:00,0.039
1/7/1982,12:00:00,0.037
1/8/1982,12:00:00,0.036
1/9/1982,12:00:00,0.037
1/10/1982,12:00:00,0.038
1/11/1982,12:00:00,0.036
1/12/1982,12:00:00,0.034
1/1/1983,12:00:00,0.034
1/2/1983,12:00:00,0.034
1/3/1983,12:00:00,0.034
1/4/1983,12:00:00,0.032
1/5/1983,12:00:00,0.031
1/6/1983,12:00:00,0.031
1/7/1983,12:00:00,0.031
1/8/1983,12:00:00,0.031
1/9/1983,12:00:00,0.031
1/10/1983,12:00:00,0.023
1/11/1983,12:00:00,0.043
1/12/1983,12:00:00,0.042
1/1/1984,12:00:00,0.042
1/2/1984,12:00:00,0.042
1/3/1984,12:00:00,0.042
1/4/1984,12:00:00,0.042
1/5/1984,12:00:00,0.042
1/6/1984,12:00:00,0.04
1/7/1984,12:00:00,0.039
1/8/1984,12:00:00,0.039
1/9/1984,12:00:00,0.039
1/10/1984,12:00:00,0.039
1/11/1984,12:00:00,0.039
1/12/1984,12:00:00,0.039
1/1/1985,12:00:00,0.039
1/2/1985,12:00:00,0.038
1/3/1985,12:00:00,0.038
1/4/1985,12:00:00,0.035
1/5/1985,12:00:00,0.034
1/6/1985,12:00:00,0.034
1/7/1985,12:00:00,0.034
1/8/1985,12:00:00,0.034
1/9/1985,12:00:00,0.033
1/10/1985,12:00:00,0.032
1/11/1985,12:00:00,0.031
1/12/1985,12:00:00,0.028
1/1/1986,12:00:00,0.026
1/2/1986,12:00:00,0.026
1/3/1986,12:00:00,0.026
1/4/1986,12:00:00,0.026
1/5/1986,12:00:00,0.026
1/6/1986,12:00:00,0.026
1/7/1986,12:00:00,0.026
1/8/1986,12:00:00,0.025
1/9/1986,12:00:00,0.025
1/10/1986,12:00:00,0.025
1/11/1986,12:00:00,0.025
1/12/1986,12:00:00,0.025
1/1/1987,12:00:00,0.024
1/2/1987,12:00:00,0.024
1/3/1987,12:00:00,0.024
1/4/1987,12:00:00,0.024
1/5/1987,12:00:00,0.024
1/6/1987,12:00:00,0.024
1/7/1987,12:00:00,0.024
1/8/1987,12:00:00,0.024
1/9/1987,12:00:00,0.024
1/10/1987,12:00:00,0.024
1/11/1987,12:00:00,0.024
1/12/1987,12:00:00,0.024
1/1/1988,12:00:00,0.024
1/2/1988,12:00:00,0.024
1/3/1988,12:00:00,0.024
1/4/1988,12:00:00,0.027
1/5/1988,12:00:00,0.029
1/6/1988,12:00:00,0.029
1/7/1988,12:00:00,0.029
1/8/1988,12:00:00,0.029
1/9/1988,12:00:00,0.029
1/10/1988,12:00:00,0.028
1/11/1988,12:00:00,0.026
1/12/1988,12:00:00,0.022
1/1/1989,12:00:00,0.02
1/2/1989,12:00:00,0.019
1/3/1989,12:00:00,0.02
1/4/1989,12:00:00,0.021
1/5/1989,12:00:00,0.019
1/6/1989,12:00:00,0.019
1/7/1989,12:00:00,0.02
1/8/1989,12:00:00,0.024
1/9/1989,12:00:00,0.024
1/10/1989,12:00:00,0.024
1/11/1989,12:00:00,0.024
1/12/1989,12:00:00,0.021
1/1/1990,12:00:00,0.021
1/2/1990,12:00:00,0.013
1/3/1990,12:00:00,0.011
1/4/1990,12:00:00,0.018
1/5/1990,12:00:00,0.019
1/6/1990,12:00:00,0.019
1/7/1990,12:00:00,0.019
1/8/1990,12:00:00,0.019
1/9/1990,12:00:00,0.019
1/10/1990,12:00:00,0.019
1/11/1990,12:00:00,0.017
1/12/1990,12:00:00,0.012
1/1/1991,12:00:00,0.015
1/2/1991,12:00:00,0.015
1/3/1991,12:00:00,0.016
1/4/1991,12:00:00,0.018
1/5/1991,12:00:00,0.019
1/6/1991,12:00:00,0.018
1/7/1991,12:00:00,0.016
1/8/1991,12:00:00,0.015
1/9/1991,12:00:00,0.018
1/10/1991,12:00:00,0.019
1/11/1991,12:00:00,0.013
1/12/1991,12:00:00,0.012
1/1/1992,12:00:00,0.015
1/2/1992,12:00:00,0.015
1/3/1992,12:00:00,0.017
1/4/1992,12:00:00,0.016
1/5/1992,12:00:00,0.015
1/6/1992,12:00:00,0.015
1/7/1992,12:00:00,0.015
1/8/1992,12:00:00,0.015
1/9/1992,12:00:00,0.012
1/10/1992,12:00:00,0.009
1/11/1992,12:00:00,0.013
1/12/1992,12:00:00,0.013
1/1/1993,12:00:00,0.013
1/2/1993,12:00:00,0.013
1/3/1993,12:00:00,0.013
1/4/1993,12:00:00,0.016
1/5/1993,12:00:00,0.019
1/6/1993,12:00:00,0.017
1/7/1993,12:00:00,0.013
1/8/1993,12:00:00,0.011
1/9/1993,12:00:00,0.01
1/10/1993,12:00:00,0.009
1/11/1993,12:00:00,0.007
1/12/1993,12:00:00,
1/1/1994,12:00:00,
1/2/1994,12:00:00,0.007
1/3/1994,12:00:00,0.007
1/4/1994,12:00:00,0.007
1/5/1994,12:00:00,0.007
1/6/1994,12:00:00,0.007
1/7/1994,12:00:00,0.007
1/8/1994,12:00:00,0.007
1/9/1994,12:00:00,0.007
1/10/1994,12:00:00,0.007
1/11/1994,12:00:00,0.007
1/12/1994,12:00:00,0.007
1/1/1995,12:00:00,0.004
1/2/1995,12:00:00,0.002
1/3/1995,12:00:00,0.005
1/4/1995,12:00:00,0.012
1/5/1995,12:00:00,0.012
1/6/1995,12:00:00,0.011
1/7/1995,12:00:00,0.011
1/8/1995,12:00:00,0.01
1/9/1995,12:00:00,0.009
1/10/1995,12:00:00,0.009
1/11/1995,12:00:00,0.009
1/12/1995,12:00:00,0.009
1/1/1996,12:00:00,0.01
1/2/1996,12:00:00,0.011
1/3/1996,12:00:00,0.012
1/4/1996,12:00:00,0.013
1/5/1996,12:00:00,0.013
1/6/1996,12:00:00,0.013
1/7/1996,12:00:00,0.013
1/8/1996,12:00:00,0.013
1/9/1996,12:00:00,0.025
1/10/1996,12:00:00,0.037
1/11/1996,12:00:00,0.039
1/12/1996,12:00:00,0.039
1/1/1997,12:00:00,0.042
1/2/1997,12:00:00,0.045
1/3/1997,12:00:00,0.038
1/4/1997,12:00:00,0.037
1/5/1997,12:00:00,0.039
1/6/1997,12:00:00,0.039
1/7/1997,12:00:00,0.039
1/8/1997,12:00:00,0.039
1/9/1997,12:00:00,0.039
1/10/1997,12:00:00,0.039
1/11/1997,12:00:00,0.039
1/12/1997,12:00:00,0.043
1/1/1998,12:00:00,0.045
1/2/1998,12:00:00,0.045
1/3/1998,12:00:00,0.045
1/4/1998,12:00:00,0.045
1/5/1998,12:00:00,0.045
1/6/1998,12:00:00,0.045
1/7/1998,12:00:00,0.045
1/8/1998,12:00:00,0.045
1/9/1998,12:00:00,0.045
1/10/1998,12:00:00,0.041
1/11/1998,12:00:00,0.036
1/12/1998,12:00:00,0.04
1/1/1999,12:00:00,0.045
1/2/1999,12:00:00,0.045
1/3/1999,12:00:00,0.045
1/4/1999,12:00:00,0.045
1/5/1999,12:00:00,0.045
1/6/1999,12:00:00,0.045
1/7/1999,12:00:00,0.045
1/8/1999,12:00:00,0.069
1/9/1999,12:00:00,0.079
1/10/1999,12:00:00,0.085
1/11/1999,12:00:00,0.062
1/12/1999,12:00:00,0.045
1/1/2000,12:00:00,0.078
1/2/2000,12:00:00,0.102
1/3/2000,12:00:00,0.109
1/4/2000,12:00:00,0.113
1/5/2000,12:00:00,0.124
1/6/2000,12:00:00,0.129
1/7/2000,12:00:00,0.129
1/8/2000,12:00:00,0.129
1/9/2000,12:00:00,0.129
1/10/2000,12:00:00,0.119
1/11/2000,12:00:00,0.122
1/12/2000,12:00:00,0.12
1/1/2001,12:00:00,0.113
1/2/2001,12:00:00,0.113
1/3/2001,12:00:00,0.113
1/4/2001,12:00:00,0.113
1/5/2001,12:00:00,0.136
1/6/2001,12:00:00,0.154
1/7/2001,12:00:00,0.154
1/8/2001,12:00:00,0.154
1/9/2001,12:00:00,0.154
1/10/2001,12:00:00,0.154
1/11/2001,12:00:00,0.154
1/12/2001,12:00:00,0.154
1/1/2002,12:00:00,0.152
1/2/2002,12:00:00,0.095
1/3/2002,12:00:00,0.086
1/4/2002,12:00:00,0.136
1/5/2002,12:00:00,0.154
1/6/2002,12:00:00,0.154
1/7/2002,12:00:00,0.154
1/8/2002,12:00:00,0.154
1/9/2002,12:00:00,0.154
1/10/2002,12:00:00,0.154
1/11/2002,12:00:00,0.154
1/12/2002,12:00:00,0.154
1/1/2003,12:00:00,0.154
1/2/2003,12:00:00,0.154
1/3/2003,12:00:00,0.154
1/4/2003,12:00:00,0.154
1/5/2003,12:00:00,0.154
1/6/2003,12:00:00,0.154
1/7/2003,12:00:00,0.154
1/8/2003,12:00:00,0.154
1/9/2003,12:00:00,0.154
1/10/2003,12:00:00,
