"Time","C2H013"
"and",140.00
"Date","Discharge (Cumecs)"
"","Mean"
00:00:00 01/11/1911,""
00:00:00 01/12/1911,""
00:00:00 01/01/1912,""
00:00:00 01/02/1912,""
00:00:00 01/03/1912,""
00:00:00 01/04/1912,       0.107
00:00:00 01/05/1912,       0.109
00:00:00 01/06/1912,       0.101
00:00:00 01/07/1912,       0.101
00:00:00 01/08/1912,       0.101
00:00:00 01/09/1912,       0.101
00:00:00 01/10/1912,       0.103
00:00:00 01/11/1912,       0.105
00:00:00 01/12/1912,       0.103
00:00:00 01/01/1913,       0.104
00:00:00 01/02/1913,       0.107
00:00:00 01/03/1913,       0.094
00:00:00 01/04/1913,       0.093
00:00:00 01/05/1913,       0.092
00:00:00 01/06/1913,       0.088
00:00:00 01/07/1913,       0.088
00:00:00 01/08/1913,       0.093
00:00:00 01/09/1913,       0.093
00:00:00 01/10/1913,       0.088
00:00:00 01/11/1913,       0.084
00:00:00 01/12/1913,       0.087
00:00:00 01/01/1914,       0.079
00:00:00 01/02/1914,       0.071
00:00:00 01/03/1914,       0.070
00:00:00 01/04/1914,       0.072
00:00:00 01/05/1914,       0.069
00:00:00 01/06/1914,       0.069
00:00:00 01/07/1914,       0.065
00:00:00 01/08/1914,       0.062
00:00:00 01/09/1914,       0.062
00:00:00 01/10/1914,       0.060
00:00:00 01/11/1914,       0.060
00:00:00 01/12/1914,       0.062
00:00:00 01/01/1915,       0.061
00:00:00 01/02/1915,       0.085
00:00:00 01/03/1915,       0.130
00:00:00 01/04/1915,       0.126
00:00:00 01/05/1915,       0.117
00:00:00 01/06/1915,       0.114
00:00:00 01/07/1915,       0.114
00:00:00 01/08/1915,       0.114
00:00:00 01/09/1915,       0.112
00:00:00 01/10/1915,       0.107
00:00:00 01/11/1915,       0.106
00:00:00 01/12/1915,       0.110
00:00:00 01/01/1916,       0.117
00:00:00 01/02/1916,       0.121
00:00:00 01/03/1916,       0.116
00:00:00 01/04/1916,       0.116
00:00:00 01/05/1916,       0.121
00:00:00 01/06/1916,       0.114
00:00:00 01/07/1916,       0.117
00:00:00 01/08/1916,       0.116
00:00:00 01/09/1916,       0.114
00:00:00 01/10/1916,       0.112
00:00:00 01/11/1916,       0.110
00:00:00 01/12/1916,       0.109
00:00:00 01/01/1917,       0.110
00:00:00 01/02/1917,       0.112
00:00:00 01/03/1917,       0.114
00:00:00 01/04/1917,       0.114
00:00:00 01/05/1917,       0.113
00:00:00 01/06/1917,       0.113
00:00:00 01/07/1917,       0.114
00:00:00 01/08/1917,       0.114
00:00:00 01/09/1917,       0.113
00:00:00 01/10/1917,       0.114
00:00:00 01/11/1917,       0.123
00:00:00 01/12/1917,       0.130
00:00:00 01/01/1918,       0.118
00:00:00 01/02/1918,       0.119
00:00:00 01/03/1918,       0.133
00:00:00 01/04/1918,       0.260
00:00:00 01/05/1918,       0.208
00:00:00 01/06/1918,       0.192
00:00:00 01/07/1918,       0.194
00:00:00 01/08/1918,       0.197
00:00:00 01/09/1918,       0.200
00:00:00 01/10/1918,       0.207
00:00:00 01/11/1918,       0.208
00:00:00 01/12/1918,       0.221
00:00:00 01/01/1919,       0.233
00:00:00 01/02/1919,       0.257
00:00:00 01/03/1919,       0.269
00:00:00 01/04/1919,       0.256
00:00:00 01/05/1919,       0.251
00:00:00 01/06/1919,       0.258
00:00:00 01/07/1919,       0.263
00:00:00 01/08/1919,       0.263
00:00:00 01/09/1919,       0.264
00:00:00 01/10/1919,       0.270
00:00:00 01/11/1919,       0.274
00:00:00 01/12/1919,       0.278
00:00:00 01/01/1920,       0.285
00:00:00 01/02/1920,       0.290
00:00:00 01/03/1920,       0.281
00:00:00 01/04/1920,       0.279
00:00:00 01/05/1920,       0.274
00:00:00 01/06/1920,       0.281
00:00:00 01/07/1920,       0.289
00:00:00 01/08/1920,       0.304
00:00:00 01/09/1920,       0.304
00:00:00 01/10/1920,       0.306
00:00:00 01/11/1920,       0.306
00:00:00 01/12/1920,       0.303
00:00:00 01/01/1921,       0.302
00:00:00 01/02/1921,       0.303
00:00:00 01/03/1921,       0.280
00:00:00 01/04/1921,       0.284
00:00:00 01/05/1921,       0.279
00:00:00 01/06/1921,       0.271
00:00:00 01/07/1921,       0.267
00:00:00 01/08/1921,       0.265
00:00:00 01/09/1921,       0.268
00:00:00 01/10/1921,       0.270
00:00:00 01/11/1921,       0.265
00:00:00 01/12/1921,       0.249
00:00:00 01/01/1922,       0.250
00:00:00 01/02/1922,       0.246
00:00:00 01/03/1922,       0.244
00:00:00 01/04/1922,       0.248
00:00:00 01/05/1922,       0.245
00:00:00 01/06/1922,       0.238
00:00:00 01/07/1922,       0.241
00:00:00 01/08/1922,       0.238
00:00:00 01/09/1922,       0.238
00:00:00 01/10/1922,       0.240
00:00:00 01/11/1922,       0.239
00:00:00 01/12/1922,       0.227
00:00:00 01/01/1923,       0.230
00:00:00 01/02/1923,       0.233
00:00:00 01/03/1923,       0.233
00:00:00 01/04/1923,       0.232
00:00:00 01/05/1923,       0.228
00:00:00 01/06/1923,       0.225
00:00:00 01/07/1923,       0.228
00:00:00 01/08/1923,       0.228
00:00:00 01/09/1923,       0.225
00:00:00 01/10/1923,       0.225
00:00:00 01/11/1923,       0.216
00:00:00 01/12/1923,       0.220
00:00:00 01/01/1924,       0.206
00:00:00 01/02/1924,       0.195
00:00:00 01/03/1924,       0.197
00:00:00 01/04/1924,       0.198
00:00:00 01/05/1924,       0.190
00:00:00 01/06/1924,       0.182
00:00:00 01/07/1924,       0.203
00:00:00 01/08/1924,       0.180
00:00:00 01/09/1924,       0.178
00:00:00 01/10/1924,       0.174
00:00:00 01/11/1924,       0.168
00:00:00 01/12/1924,       0.165
00:00:00 01/01/1925,       0.159
00:00:00 01/02/1925,       0.161
00:00:00 01/03/1925,       0.156
00:00:00 01/04/1925,       0.154
00:00:00 01/05/1925,       0.158
00:00:00 01/06/1925,       0.157
00:00:00 01/07/1925,       0.159
00:00:00 01/08/1925,       0.159
00:00:00 01/09/1925,       0.159
00:00:00 01/10/1925,       0.159
00:00:00 01/11/1925,       0.158
00:00:00 01/12/1925,       0.160
00:00:00 01/01/1926,       0.156
00:00:00 01/02/1926,       0.155
00:00:00 01/03/1926,       0.150
00:00:00 01/04/1926,       0.152
00:00:00 01/05/1926,       0.150
00:00:00 01/06/1926,       0.155
00:00:00 01/07/1926,       0.154
00:00:00 01/08/1926,       0.154
00:00:00 01/09/1926,       0.154
00:00:00 01/10/1926,       0.154
00:00:00 01/11/1926,       0.149
00:00:00 01/12/1926,       0.148
00:00:00 01/01/1927,       0.144
00:00:00 01/02/1927,       0.140
00:00:00 01/03/1927,       0.139
00:00:00 01/04/1927,       0.139
00:00:00 01/05/1927,       0.137
00:00:00 01/06/1927,       0.141
00:00:00 01/07/1927,       0.140
00:00:00 01/08/1927,       0.140
00:00:00 01/09/1927,       0.139
00:00:00 01/10/1927,       0.134
00:00:00 01/11/1927,       0.130
00:00:00 01/12/1927,       0.126
00:00:00 01/01/1928,       0.125
00:00:00 01/02/1928,       0.126
00:00:00 01/03/1928,       0.135
00:00:00 01/04/1928,       0.127
00:00:00 01/05/1928,       0.126
00:00:00 01/06/1928,       0.125
00:00:00 01/07/1928,       0.127
00:00:00 01/08/1928,       0.128
00:00:00 01/09/1928,       0.131
00:00:00 01/10/1928,       0.124
00:00:00 01/11/1928,       0.124
00:00:00 01/12/1928,       0.125
00:00:00 01/01/1929,       0.126
00:00:00 01/02/1929,       0.125
00:00:00 01/03/1929,       0.126
00:00:00 01/04/1929,       0.130
00:00:00 01/05/1929,       0.131
00:00:00 01/06/1929,       0.131
00:00:00 01/07/1929,       0.127
00:00:00 01/08/1929,       0.134
00:00:00 01/09/1929,       0.132
00:00:00 01/10/1929,       0.127
00:00:00 01/11/1929,       0.138
00:00:00 01/12/1929,       0.138
00:00:00 01/01/1930,       0.134
00:00:00 01/02/1930,       0.138
00:00:00 01/03/1930,       0.136
00:00:00 01/04/1930,       0.135
00:00:00 01/05/1930,       0.141
00:00:00 01/06/1930,       0.142
00:00:00 01/07/1930,       0.140
00:00:00 01/08/1930,       0.140
00:00:00 01/09/1930,       0.140
00:00:00 01/10/1930,       0.143
00:00:00 01/11/1930,       0.148
00:00:00 01/12/1930,       0.151
00:00:00 01/01/1931,       0.151
00:00:00 01/02/1931,       0.143
00:00:00 01/03/1931,       0.105
00:00:00 01/04/1931,       0.104
00:00:00 01/05/1931,       0.103
00:00:00 01/06/1931,       0.101
00:00:00 01/07/1931,       0.102
00:00:00 01/08/1931,       0.109
00:00:00 01/09/1931,       0.105
00:00:00 01/10/1931,       0.101
00:00:00 01/11/1931,       0.101
00:00:00 01/12/1931,       0.105
00:00:00 01/01/1932,       0.097
00:00:00 01/02/1932,       0.097
00:00:00 01/03/1932,       0.098
00:00:00 01/04/1932,       0.097
00:00:00 01/05/1932,       0.093
00:00:00 01/06/1932,       0.093
00:00:00 01/07/1932,       0.093
00:00:00 01/08/1932,       0.093
00:00:00 01/09/1932,       0.093
00:00:00 01/10/1932,       0.092
00:00:00 01/11/1932,       0.088
00:00:00 01/12/1932,       0.084
00:00:00 01/01/1933,       0.087
00:00:00 01/02/1933,       0.083
00:00:00 01/03/1933,       0.080
00:00:00 01/04/1933,       0.079
00:00:00 01/05/1933,       0.076
00:00:00 01/06/1933,       0.076
00:00:00 01/07/1933,       0.074
00:00:00 01/08/1933,       0.072
00:00:00 01/09/1933,       0.072
00:00:00 01/10/1933,       0.069
00:00:00 01/11/1933,       0.067
00:00:00 01/12/1933,       0.072
00:00:00 01/01/1934,       0.071
00:00:00 01/02/1934,       0.077
00:00:00 01/03/1934,       0.080
00:00:00 01/04/1934,       0.077
00:00:00 01/05/1934,       0.076
00:00:00 01/06/1934,       0.073
00:00:00 01/07/1934,       0.072
00:00:00 01/08/1934,       0.072
00:00:00 01/09/1934,       0.070
00:00:00 01/10/1934,       0.069
00:00:00 01/11/1934,       0.064
00:00:00 01/12/1934,       0.062
00:00:00 01/01/1935,       0.073
00:00:00 01/02/1935,       0.073
00:00:00 01/03/1935,       0.072
00:00:00 01/04/1935,       0.068
00:00:00 01/05/1935,       0.065
00:00:00 01/06/1935,       0.065
00:00:00 01/07/1935,       0.065
00:00:00 01/08/1935,       0.065
00:00:00 01/09/1935,       0.065
00:00:00 01/10/1935,       0.062
00:00:00 01/11/1935,       0.059
00:00:00 01/12/1935,       0.055
00:00:00 01/01/1936,       0.054
00:00:00 01/02/1936,       0.053
00:00:00 01/03/1936,       0.051
00:00:00 01/04/1936,       0.052
00:00:00 01/05/1936,       0.050
00:00:00 01/06/1936,       0.049
00:00:00 01/07/1936,       0.048
00:00:00 01/08/1936,       0.050
00:00:00 01/09/1936,       0.051
00:00:00 01/10/1936,       0.049
00:00:00 01/11/1936,       0.048
00:00:00 01/12/1936,       0.048
00:00:00 01/01/1937,       0.048
00:00:00 01/02/1937,       0.048
00:00:00 01/03/1937,       0.057
00:00:00 01/04/1937,       0.054
00:00:00 01/05/1937,       0.049
00:00:00 01/06/1937,       0.048
00:00:00 01/07/1937,       0.048
00:00:00 01/08/1937,       0.048
00:00:00 01/09/1937,       0.053
00:00:00 01/10/1937,       0.052
00:00:00 01/11/1937,       0.051
00:00:00 01/12/1937,       0.051
00:00:00 01/01/1938,       0.052
00:00:00 01/02/1938,       0.056
00:00:00 01/03/1938,       0.057
00:00:00 01/04/1938,       0.053
00:00:00 01/05/1938,       0.058
00:00:00 01/06/1938,       0.061
00:00:00 01/07/1938,       0.065
00:00:00 01/08/1938,       0.065
00:00:00 01/09/1938,       0.065
00:00:00 01/10/1938,       0.065
00:00:00 01/11/1938,       0.062
00:00:00 01/12/1938,       0.062
00:00:00 01/01/1939,       0.062
00:00:00 01/02/1939,       0.062
00:00:00 01/03/1939,       0.083
00:00:00 01/04/1939,       0.084
00:00:00 01/05/1939,       0.084
00:00:00 01/06/1939,       0.088
00:00:00 01/07/1939,       0.093
00:00:00 01/08/1939,       0.100
00:00:00 01/09/1939,       0.101
00:00:00 01/10/1939,       0.105
00:00:00 01/11/1939,       0.065
00:00:00 01/12/1939,       0.067
00:00:00 01/01/1940,       0.105
00:00:00 01/02/1940,       0.105
00:00:00 01/03/1940,       0.105
00:00:00 01/04/1940,       0.105
00:00:00 01/05/1940,       0.105
00:00:00 01/06/1940,       0.105
00:00:00 01/07/1940,       0.109
00:00:00 01/08/1940,       0.110
00:00:00 01/09/1940,       0.110
00:00:00 01/10/1940,       0.110
00:00:00 01/11/1940,       0.109
00:00:00 01/12/1940,       0.105
00:00:00 01/01/1941,       0.105
00:00:00 01/02/1941,       0.105
00:00:00 01/03/1941,       0.105
00:00:00 01/04/1941,       0.101
00:00:00 01/05/1941,       0.101
00:00:00 01/06/1941,       0.101
00:00:00 01/07/1941,       0.101
00:00:00 01/08/1941,       0.102
00:00:00 01/09/1941,       0.107
00:00:00 01/10/1941,       0.104
00:00:00 01/11/1941,       0.104
00:00:00 01/12/1941,       0.085
00:00:00 01/01/1942,       0.084
00:00:00 01/02/1942,       0.084
00:00:00 01/03/1942,       0.084
00:00:00 01/04/1942,       0.084
00:00:00 01/05/1942,       0.084
00:00:00 01/06/1942,       0.086
00:00:00 01/07/1942,       0.084
00:00:00 01/08/1942,       0.083
00:00:00 01/09/1942,       0.073
00:00:00 01/10/1942,       0.072
00:00:00 01/11/1942,       0.061
00:00:00 01/12/1942,       0.061
00:00:00 01/01/1943,       0.088
00:00:00 01/02/1943,       0.085
00:00:00 01/03/1943,       0.084
00:00:00 01/04/1943,       0.084
00:00:00 01/05/1943,       0.084
00:00:00 01/06/1943,       0.084
00:00:00 01/07/1943,       0.088
00:00:00 01/08/1943,       0.088
00:00:00 01/09/1943,       0.091
00:00:00 01/10/1943,       0.093
00:00:00 01/11/1943,       0.093
00:00:00 01/12/1943,       0.093
00:00:00 01/01/1944,       0.099
00:00:00 01/02/1944,       0.089
00:00:00 01/03/1944,       0.179
00:00:00 01/04/1944,       0.209
00:00:00 01/05/1944,       0.190
00:00:00 01/06/1944,       0.189
00:00:00 01/07/1944,       0.193
00:00:00 01/08/1944,       0.194
00:00:00 01/09/1944,       0.202
00:00:00 01/10/1944,       0.205
00:00:00 01/11/1944,       0.211
00:00:00 01/12/1944,       0.213
00:00:00 01/01/1945,       0.215
00:00:00 01/02/1945,       0.216
00:00:00 01/03/1945,       0.225
00:00:00 01/04/1945,       0.230
00:00:00 01/05/1945,       0.230
00:00:00 01/06/1945,       0.231
00:00:00 01/07/1945,       0.241
00:00:00 01/08/1945,       0.251
00:00:00 01/09/1945,       0.251
00:00:00 01/10/1945,       0.237
00:00:00 01/11/1945,       0.236
00:00:00 01/12/1945,       0.236
00:00:00 01/01/1946,       0.245
00:00:00 01/02/1946,       0.246
00:00:00 01/03/1946,       0.246
00:00:00 01/04/1946,       0.247
00:00:00 01/05/1946,       0.249
00:00:00 01/06/1946,       0.252
00:00:00 01/07/1946,       0.252
00:00:00 01/08/1946,       0.252
00:00:00 01/09/1946,       0.234
00:00:00 01/10/1946,       0.231
00:00:00 01/11/1946,       0.246
00:00:00 01/12/1946,       0.246
00:00:00 01/01/1947,       0.246
00:00:00 01/02/1947,       0.248
00:00:00 01/03/1947,       0.251
00:00:00 01/04/1947,       0.248
00:00:00 01/05/1947,       0.259
00:00:00 01/06/1947,       0.265
00:00:00 01/07/1947,       0.266
00:00:00 01/08/1947,       0.272
00:00:00 01/09/1947,       0.253
00:00:00 01/10/1947,       0.233
00:00:00 01/11/1947,       0.234
00:00:00 01/12/1947,""
00:00:00 01/01/1948,""
00:00:00 01/02/1948,""
00:00:00 01/03/1948,""
00:00:00 01/04/1948,""
00:00:00 01/05/1948,""
00:00:00 01/06/1948,""
00:00:00 01/07/1948,""
00:00:00 01/08/1948,       0.225
00:00:00 01/09/1948,       0.225
00:00:00 01/10/1948,       0.225
00:00:00 01/11/1948,       0.239
00:00:00 01/12/1948,       0.253
00:00:00 01/01/1949,       0.244
00:00:00 01/02/1949,       0.241
00:00:00 01/03/1949,       0.240
00:00:00 01/04/1949,       0.237
00:00:00 01/05/1949,       0.246
00:00:00 01/06/1949,       0.225
00:00:00 01/07/1949,       0.228
00:00:00 01/08/1949,       0.229
00:00:00 01/09/1949,       0.230
00:00:00 01/10/1949,       0.256
00:00:00 01/11/1949,       0.255
00:00:00 01/12/1949,       0.247
00:00:00 01/01/1950,       0.250
00:00:00 01/02/1950,       0.254
00:00:00 01/03/1950,       0.254
00:00:00 01/04/1950,       0.254
00:00:00 01/05/1950,       0.252
00:00:00 01/06/1950,       0.256
00:00:00 01/07/1950,       0.264
00:00:00 01/08/1950,       0.267
00:00:00 01/09/1950,       0.255
00:00:00 01/10/1950,       0.252
00:00:00 01/11/1950,       0.252
00:00:00 01/12/1950,       0.181
00:00:00 01/01/1951,       0.173
00:00:00 01/02/1951,       0.173
00:00:00 01/03/1951,       0.180
00:00:00 01/04/1951,       0.183
00:00:00 01/05/1951,       0.183
00:00:00 01/06/1951,       0.195
00:00:00 01/07/1951,       0.204
00:00:00 01/08/1951,       0.201
00:00:00 01/09/1951,       0.194
00:00:00 01/10/1951,       0.187
00:00:00 01/11/1951,       0.182
00:00:00 01/12/1951,       0.175
00:00:00 01/01/1952,       0.173
00:00:00 01/02/1952,       0.166
00:00:00 01/03/1952,       0.158
00:00:00 01/04/1952,       0.150
00:00:00 01/05/1952,       0.149
00:00:00 01/06/1952,       0.144
00:00:00 01/07/1952,       0.140
00:00:00 01/08/1952,       0.138
00:00:00 01/09/1952,       0.132
00:00:00 01/10/1952,       0.131
00:00:00 01/11/1952,       0.127
00:00:00 01/12/1952,       0.142
00:00:00 01/01/1953,       0.155
00:00:00 01/02/1953,""
00:00:00 01/03/1953,""
00:00:00 01/04/1953,""
00:00:00 01/05/1953,""
00:00:00 01/06/1953,""
00:00:00 01/07/1953,""
00:00:00 01/08/1953,""
00:00:00 01/09/1953,""
00:00:00 01/10/1953,""
00:00:00 01/11/1953,       0.154
00:00:00 01/12/1953,       0.154
00:00:00 01/01/1954,""
00:00:00 01/02/1954,""
00:00:00 01/03/1954,""
00:00:00 01/04/1954,""
00:00:00 01/05/1954,""
00:00:00 01/06/1954,""
00:00:00 01/07/1954,""
00:00:00 01/08/1954,""
00:00:00 01/09/1954,""
00:00:00 01/10/1954,""
00:00:00 01/11/1954,""
00:00:00 01/12/1954,""
00:00:00 01/01/1955,""
00:00:00 01/02/1955,""
00:00:00 01/03/1955,""
00:00:00 01/04/1955,""
00:00:00 01/05/1955,""
00:00:00 01/06/1955,""
00:00:00 01/07/1955,""
00:00:00 01/08/1955,""
00:00:00 01/09/1955,""
00:00:00 01/10/1955,""
00:00:00 01/11/1955,""
00:00:00 01/12/1955,""
00:00:00 01/01/1956,""
00:00:00 01/02/1956,""
00:00:00 01/03/1956,""
00:00:00 01/04/1956,""
00:00:00 01/05/1956,""
00:00:00 01/06/1956,       0.127
00:00:00 01/07/1956,       0.135
00:00:00 01/08/1956,       0.129
00:00:00 01/09/1956,       0.131
00:00:00 01/10/1956,       0.131
00:00:00 01/11/1956,       0.127
00:00:00 01/12/1956,       0.127
00:00:00 01/01/1957,       0.129
00:00:00 01/02/1957,       0.131
00:00:00 01/03/1957,       0.137
00:00:00 01/04/1957,       0.138
00:00:00 01/05/1957,       0.142
00:00:00 01/06/1957,       0.149
00:00:00 01/07/1957,       0.149
00:00:00 01/08/1957,       0.150
00:00:00 01/09/1957,       0.156
00:00:00 01/10/1957,       0.164
00:00:00 01/11/1957,       0.177
00:00:00 01/12/1957,       0.180
00:00:00 01/01/1958,       0.181
00:00:00 01/02/1958,       0.178
00:00:00 01/03/1958,       0.175
00:00:00 01/04/1958,       0.176
00:00:00 01/05/1958,       0.180
00:00:00 01/06/1958,       0.180
00:00:00 01/07/1958,       0.178
00:00:00 01/08/1958,       0.180
00:00:00 01/09/1958,       0.189
00:00:00 01/10/1958,       0.193
00:00:00 01/11/1958,       0.194
00:00:00 01/12/1958,       0.193
00:00:00 01/01/1959,       0.189
00:00:00 01/02/1959,       0.189
00:00:00 01/03/1959,       0.189
00:00:00 01/04/1959,       0.189
00:00:00 01/05/1959,       0.191
00:00:00 01/06/1959,       0.201
00:00:00 01/07/1959,       0.208
00:00:00 01/08/1959,       0.212
00:00:00 01/09/1959,       0.215
00:00:00 01/10/1959,       0.215
00:00:00 01/11/1959,       0.215
00:00:00 01/12/1959,       0.215
00:00:00 01/01/1960,       0.215
00:00:00 01/02/1960,       0.220
00:00:00 01/03/1960,       0.220
00:00:00 01/04/1960,       0.220
00:00:00 01/05/1960,       0.220
00:00:00 01/06/1960,       0.220
00:00:00 01/07/1960,       0.220
00:00:00 01/08/1960,       0.220
00:00:00 01/09/1960,""
00:00:00 01/10/1960,""
00:00:00 01/11/1960,""
00:00:00 01/12/1960,""
00:00:00 01/01/1961,       0.191
00:00:00 01/02/1961,       0.203
00:00:00 01/03/1961,       0.197
00:00:00 01/04/1961,       0.201
00:00:00 01/05/1961,       0.198
00:00:00 01/06/1961,       0.191
00:00:00 01/07/1961,       0.192
00:00:00 01/08/1961,""
00:00:00 01/09/1961,""
00:00:00 01/10/1961,""
00:00:00 01/11/1961,""
00:00:00 01/12/1961,""
00:00:00 01/01/1962,       0.252
00:00:00 01/02/1962,       0.238
00:00:00 01/03/1962,       0.234
00:00:00 01/04/1962,       0.230
00:00:00 01/05/1962,       0.228
00:00:00 01/06/1962,       0.226
00:00:00 01/07/1962,       0.231
00:00:00 01/08/1962,       0.232
00:00:00 01/09/1962,       0.240
00:00:00 01/10/1962,       0.242
00:00:00 01/11/1962,       0.245
00:00:00 01/12/1962,       0.282
00:00:00 01/01/1963,       0.299
00:00:00 01/02/1963,       0.298
00:00:00 01/03/1963,       0.318
00:00:00 01/04/1963,       0.295
00:00:00 01/05/1963,       0.302
00:00:00 01/06/1963,       0.265
00:00:00 01/07/1963,       0.272
00:00:00 01/08/1963,       0.274
00:00:00 01/09/1963,       0.274
00:00:00 01/10/1963,       0.274
00:00:00 01/11/1963,       0.272
00:00:00 01/12/1963,       0.278
00:00:00 01/01/1964,       0.278
00:00:00 01/02/1964,       0.274
00:00:00 01/03/1964,       0.268
00:00:00 01/04/1964,       0.263
00:00:00 01/05/1964,       0.263
00:00:00 01/06/1964,       0.263
00:00:00 01/07/1964,       0.263
00:00:00 01/08/1964,""
00:00:00 01/09/1964,""
00:00:00 01/10/1964,""
00:00:00 01/11/1964,""
00:00:00 01/12/1964,       0.270
00:00:00 01/01/1965,       0.274
00:00:00 01/02/1965,       0.272
00:00:00 01/03/1965,       0.263
00:00:00 01/04/1965,       0.255
00:00:00 01/05/1965,       0.255
00:00:00 01/06/1965,       0.253
00:00:00 01/07/1965,       0.258
00:00:00 01/08/1965,       0.261
00:00:00 01/09/1965,       0.257
00:00:00 01/10/1965,       0.253
00:00:00 01/11/1965,       0.255
00:00:00 01/12/1965,       0.252
00:00:00 01/01/1966,       0.253
00:00:00 01/02/1966,""
00:00:00 01/03/1966,""
00:00:00 01/04/1966,       0.274
00:00:00 01/05/1966,       0.290
00:00:00 01/06/1966,       0.273
00:00:00 01/07/1966,       0.287
00:00:00 01/08/1966,       0.287
00:00:00 01/09/1966,       0.283
00:00:00 01/10/1966,       0.281
00:00:00 01/11/1966,       0.322
00:00:00 01/12/1966,       0.339
00:00:00 01/01/1967,       0.351
00:00:00 01/02/1967,       0.378
00:00:00 01/03/1967,       0.387
00:00:00 01/04/1967,       0.385
00:00:00 01/05/1967,       0.387
00:00:00 01/06/1967,""
00:00:00 01/07/1967,""
00:00:00 01/08/1967,""
00:00:00 01/09/1967,""
00:00:00 01/10/1967,""
00:00:00 01/11/1967,""
00:00:00 01/12/1967,""
00:00:00 01/01/1968,""
00:00:00 01/02/1968,""
00:00:00 01/03/1968,""
00:00:00 01/04/1968,""
00:00:00 01/05/1968,""
00:00:00 01/06/1968,""
00:00:00 01/07/1968,""
00:00:00 01/08/1968,""
00:00:00 01/09/1968,""
00:00:00 01/10/1968,""
00:00:00 01/11/1968,""
00:00:00 01/12/1968,""
00:00:00 01/01/1969,""
00:00:00 01/02/1969,""
00:00:00 01/03/1969,""
00:00:00 01/04/1969,""
00:00:00 01/05/1969,""
00:00:00 01/06/1969,""
00:00:00 01/07/1969,""
00:00:00 01/08/1969,""
00:00:00 01/09/1969,""
00:00:00 01/10/1969,""
00:00:00 01/11/1969,""
00:00:00 01/12/1969,""
00:00:00 01/01/1970,""
00:00:00 01/02/1970,""
00:00:00 01/03/1970,""
00:00:00 01/04/1970,""
00:00:00 01/05/1970,""
00:00:00 01/06/1970,""
00:00:00 01/07/1970,""
00:00:00 01/08/1970,""
00:00:00 01/09/1970,""
00:00:00 01/10/1970,""
00:00:00 01/11/1970,""
00:00:00 01/12/1970,""
00:00:00 01/01/1971,""
00:00:00 01/02/1971,""
00:00:00 01/03/1971,""
00:00:00 01/04/1971,""
00:00:00 01/05/1971,""
00:00:00 01/06/1971,""
00:00:00 01/07/1971,       0.237
00:00:00 01/08/1971,       0.237
00:00:00 01/09/1971,       0.237
00:00:00 01/10/1971,       0.237
00:00:00 01/11/1971,       0.237
00:00:00 01/12/1971,       0.237
00:00:00 01/01/1972,       0.237
00:00:00 01/02/1972,       0.237
00:00:00 01/03/1972,       0.237
00:00:00 01/04/1972,       0.237
00:00:00 01/05/1972,       0.237
00:00:00 01/06/1972,       0.237
00:00:00 01/07/1972,       0.237
00:00:00 01/08/1972,       0.237
00:00:00 01/09/1972,       0.237
00:00:00 01/10/1972,       0.216
00:00:00 01/11/1972,       0.237
00:00:00 01/12/1972,       0.237
00:00:00 01/01/1973,       0.237
00:00:00 01/02/1973,       0.237
00:00:00 01/03/1973,       0.237
00:00:00 01/04/1973,       0.237
00:00:00 01/05/1973,       0.237
00:00:00 01/06/1973,       0.237
00:00:00 01/07/1973,       0.237
00:00:00 01/08/1973,       0.237
00:00:00 01/09/1973,       0.237
00:00:00 01/10/1973,       0.237
00:00:00 01/11/1973,       0.237
00:00:00 01/12/1973,       0.237
00:00:00 01/01/1974,       0.237
00:00:00 01/02/1974,       0.237
00:00:00 01/03/1974,       0.237
00:00:00 01/04/1974,       0.237
00:00:00 01/05/1974,       0.237
00:00:00 01/06/1974,       0.237
00:00:00 01/07/1974,       0.237
00:00:00 01/08/1974,       0.237
00:00:00 01/09/1974,       0.237
00:00:00 01/10/1974,       0.237
00:00:00 01/11/1974,       0.237
00:00:00 01/12/1974,       0.237
00:00:00 01/01/1975,       0.237
00:00:00 01/02/1975,       0.237
00:00:00 01/03/1975,       0.237
00:00:00 01/04/1975,       0.237
00:00:00 01/05/1975,       0.237
00:00:00 01/06/1975,       0.237
00:00:00 01/07/1975,       0.237
00:00:00 01/08/1975,       0.237
00:00:00 01/09/1975,       0.237
00:00:00 01/10/1975,       0.237
00:00:00 01/11/1975,       0.237
00:00:00 01/12/1975,       0.237
00:00:00 01/01/1976,       0.237
00:00:00 01/02/1976,       0.237
00:00:00 01/03/1976,       0.237
00:00:00 01/04/1976,       0.237
00:00:00 01/05/1976,       0.237
00:00:00 01/06/1976,       0.237
00:00:00 01/07/1976,       0.237
00:00:00 01/08/1976,       0.237
00:00:00 01/09/1976,       0.237
00:00:00 01/10/1976,       0.237
00:00:00 01/11/1976,       0.237
00:00:00 01/12/1976,       0.237
00:00:00 01/01/1977,       0.237
00:00:00 01/02/1977,       0.237
00:00:00 01/03/1977,       0.237
00:00:00 01/04/1977,       0.237
00:00:00 01/05/1977,       0.237
00:00:00 01/06/1977,       0.237
00:00:00 01/07/1977,""
00:00:00 01/08/1977,""
00:00:00 01/09/1977,       0.237
00:00:00 01/10/1977,       0.237
00:00:00 01/11/1977,       0.237
00:00:00 01/12/1977,       0.237
00:00:00 01/01/1978,       0.237
00:00:00 01/02/1978,       0.237
00:00:00 01/03/1978,       0.237
00:00:00 01/04/1978,       0.237
00:00:00 01/05/1978,       0.237
00:00:00 01/06/1978,       0.237
00:00:00 01/07/1978,       0.237
00:00:00 01/08/1978,       0.237
00:00:00 01/09/1978,       0.237
00:00:00 01/10/1978,       0.237
00:00:00 01/11/1978,       0.237
00:00:00 01/12/1978,       0.237
00:00:00 01/01/1979,       0.237
00:00:00 01/02/1979,       0.237
00:00:00 01/03/1979,       0.237
00:00:00 01/04/1979,       0.237
00:00:00 01/05/1979,       0.237
00:00:00 01/06/1979,       0.237
00:00:00 01/07/1979,       0.237
00:00:00 01/08/1979,       0.237
00:00:00 01/09/1979,       0.237
00:00:00 01/10/1979,       0.237
00:00:00 01/11/1979,       0.237
00:00:00 01/12/1979,       0.237
00:00:00 01/01/1980,       0.237
00:00:00 01/02/1980,       0.237
00:00:00 01/03/1980,       0.237
00:00:00 01/04/1980,       0.237
00:00:00 01/05/1980,       0.237
00:00:00 01/06/1980,       0.237
00:00:00 01/07/1980,       0.237
00:00:00 01/08/1980,       0.237
00:00:00 01/09/1980,       0.237
00:00:00 01/10/1980,       0.237
00:00:00 01/11/1980,       0.237
00:00:00 01/12/1980,       0.237
00:00:00 01/01/1981,       0.237
00:00:00 01/02/1981,       0.237
00:00:00 01/03/1981,       0.237
00:00:00 01/04/1981,       0.237
00:00:00 01/05/1981,       0.237
00:00:00 01/06/1981,       0.237
00:00:00 01/07/1981,       0.237
00:00:00 01/08/1981,       0.237
00:00:00 01/09/1981,       0.237
00:00:00 01/10/1981,       0.237
00:00:00 01/11/1981,       0.237
00:00:00 01/12/1981,       0.237
00:00:00 01/01/1982,       0.237
00:00:00 01/02/1982,       0.237
00:00:00 01/03/1982,       0.237
00:00:00 01/04/1982,       0.237
00:00:00 01/05/1982,       0.237
00:00:00 01/06/1982,       0.237
00:00:00 01/07/1982,       0.237
00:00:00 01/08/1982,       0.237
00:00:00 01/09/1982,       0.237
00:00:00 01/10/1982,       0.237
00:00:00 01/11/1982,       0.237
00:00:00 01/12/1982,       0.237
00:00:00 01/01/1983,       0.237
00:00:00 01/02/1983,       0.237
00:00:00 01/03/1983,       0.237
00:00:00 01/04/1983,       0.237
00:00:00 01/05/1983,       0.237
00:00:00 01/06/1983,       0.237
00:00:00 01/07/1983,       0.237
00:00:00 01/08/1983,       0.237
00:00:00 01/09/1983,       0.237
00:00:00 01/10/1983,       0.237
00:00:00 01/11/1983,       0.237
00:00:00 01/12/1983,       0.237
00:00:00 01/01/1984,       0.237
00:00:00 01/02/1984,       0.237
00:00:00 01/03/1984,       0.237
00:00:00 01/04/1984,       0.237
00:00:00 01/05/1984,       0.237
00:00:00 01/06/1984,       0.237
00:00:00 01/07/1984,       0.237
00:00:00 01/08/1984,       0.237
00:00:00 01/09/1984,       0.237
00:00:00 01/10/1984,       0.237
00:00:00 01/11/1984,       0.237
00:00:00 01/12/1984,       0.237
00:00:00 01/01/1985,       0.237
00:00:00 01/02/1985,       0.237
00:00:00 01/03/1985,       0.237
00:00:00 01/04/1985,       0.237
00:00:00 01/05/1985,       0.237
00:00:00 01/06/1985,       0.237
00:00:00 01/07/1985,       0.237
00:00:00 01/08/1985,       0.237
00:00:00 01/09/1985,       0.237
00:00:00 01/10/1985,       0.237
00:00:00 01/11/1985,       0.237
00:00:00 01/12/1985,       0.237
00:00:00 01/01/1986,       0.237
00:00:00 01/02/1986,       0.237
00:00:00 01/03/1986,       0.237
00:00:00 01/04/1986,       0.237
00:00:00 01/05/1986,       0.237
00:00:00 01/06/1986,       0.237
00:00:00 01/07/1986,       0.237
00:00:00 01/08/1986,       0.236
00:00:00 01/09/1986,       0.237
00:00:00 01/10/1986,       0.237
00:00:00 01/11/1986,       0.236
00:00:00 01/12/1986,       0.237
00:00:00 01/01/1987,       0.237
00:00:00 01/02/1987,       0.237
00:00:00 01/03/1987,       0.237
00:00:00 01/04/1987,       0.237
00:00:00 01/05/1987,       0.237
00:00:00 01/06/1987,       0.237
00:00:00 01/07/1987,       0.237
00:00:00 01/08/1987,       0.237
00:00:00 01/09/1987,       0.237
00:00:00 01/10/1987,       0.237
00:00:00 01/11/1987,       0.237
00:00:00 01/12/1987,       0.237
00:00:00 01/01/1988,       0.237
00:00:00 01/02/1988,       0.237
00:00:00 01/03/1988,       0.237
00:00:00 01/04/1988,       0.237
00:00:00 01/05/1988,       0.237
00:00:00 01/06/1988,       0.237
00:00:00 01/07/1988,       0.237
00:00:00 01/08/1988,       0.237
00:00:00 01/09/1988,       0.237
00:00:00 01/10/1988,       0.237
00:00:00 01/11/1988,       0.237
00:00:00 01/12/1988,       0.237
00:00:00 01/01/1989,       0.237
00:00:00 01/02/1989,       0.237
00:00:00 01/03/1989,       0.237
00:00:00 01/04/1989,       0.237
00:00:00 01/05/1989,       0.237
00:00:00 01/06/1989,       0.237
00:00:00 01/07/1989,       0.237
00:00:00 01/08/1989,       0.237
00:00:00 01/09/1989,       0.237
00:00:00 01/10/1989,       0.236
00:00:00 01/11/1989,       0.227
00:00:00 01/12/1989,       0.235
00:00:00 01/01/1990,       0.237
00:00:00 01/02/1990,       0.237
00:00:00 01/03/1990,       0.237
00:00:00 01/04/1990,       0.237
00:00:00 01/05/1990,       0.237
00:00:00 01/06/1990,       0.237
00:00:00 01/07/1990,       0.237
00:00:00 01/08/1990,       0.237
00:00:00 01/09/1990,       0.237
00:00:00 01/10/1990,       0.235
00:00:00 01/11/1990,       0.219
00:00:00 01/12/1990,       0.202
00:00:00 01/01/1991,       0.200
00:00:00 01/02/1991,       0.221
00:00:00 01/03/1991,       0.237
00:00:00 01/04/1991,       0.237
00:00:00 01/05/1991,       0.237
00:00:00 01/06/1991,       0.237
00:00:00 01/07/1991,       0.237
00:00:00 01/08/1991,       0.237
00:00:00 01/09/1991,       0.237
00:00:00 01/10/1991,       0.232
00:00:00 01/11/1991,       0.215
00:00:00 01/12/1991,       0.201
00:00:00 01/01/1992,       0.179
00:00:00 01/02/1992,       0.216
00:00:00 01/03/1992,       0.227
00:00:00 01/04/1992,       0.223
00:00:00 01/05/1992,       0.210
00:00:00 01/06/1992,       0.191
00:00:00 01/07/1992,       0.191
00:00:00 01/08/1992,       0.195
00:00:00 01/09/1992,       0.174
00:00:00 01/10/1992,       0.144
00:00:00 01/11/1992,       0.133
00:00:00 01/12/1992,       0.134
00:00:00 01/01/1993,       0.134
00:00:00 01/02/1993,       0.137
00:00:00 01/03/1993,       0.137
00:00:00 01/04/1993,       0.134
00:00:00 01/05/1993,       0.141
00:00:00 01/06/1993,       0.144
00:00:00 01/07/1993,       0.154
00:00:00 01/08/1993,       0.183
00:00:00 01/09/1993,       0.211
00:00:00 01/10/1993,       0.198
00:00:00 01/11/1993,       0.225
00:00:00 01/12/1993,       0.237
00:00:00 01/01/1994,       0.237
00:00:00 01/02/1994,       0.237
00:00:00 01/03/1994,       0.237
00:00:00 01/04/1994,       0.236
00:00:00 01/05/1994,       0.237
00:00:00 01/06/1994,       0.237
00:00:00 01/07/1994,       0.237
00:00:00 01/08/1994,       0.237
00:00:00 01/09/1994,       0.235
00:00:00 01/10/1994,       0.223
00:00:00 01/11/1994,       0.222
00:00:00 01/12/1994,       0.227
00:00:00 01/01/1995,       0.228
00:00:00 01/02/1995,       0.237
00:00:00 01/03/1995,       0.224
00:00:00 01/04/1995,       0.217
00:00:00 01/05/1995,       0.235
00:00:00 01/06/1995,       0.237
00:00:00 01/07/1995,       0.234
00:00:00 01/08/1995,       0.234
00:00:00 01/09/1995,       0.218
00:00:00 01/10/1995,       0.178
00:00:00 01/11/1995,       0.161
00:00:00 01/12/1995,       0.207
00:00:00 01/01/1996,       0.199
00:00:00 01/02/1996,       0.192
00:00:00 01/03/1996,       0.221
00:00:00 01/04/1996,       0.233
00:00:00 01/05/1996,       0.233
00:00:00 01/06/1996,       0.233
00:00:00 01/07/1996,       0.232
00:00:00 01/08/1996,       0.232
00:00:00 01/09/1996,       0.230
00:00:00 01/10/1996,       0.224
00:00:00 01/11/1996,       0.216
00:00:00 01/12/1996,""
00:00:00 01/01/1997,       0.229
00:00:00 01/02/1997,       0.227
00:00:00 01/03/1997,       0.195
00:00:00 01/04/1997,       0.218
00:00:00 01/05/1997,       0.223
00:00:00 01/06/1997,       0.228
00:00:00 01/07/1997,       0.231
00:00:00 01/08/1997,       0.220
00:00:00 01/09/1997,       0.217
00:00:00 01/10/1997,""
00:00:00 01/11/1997,""
00:00:00 01/12/1997,""
00:00:00 01/01/1998,""
00:00:00 01/02/1998,""
00:00:00 01/03/1998,""
00:00:00 01/04/1998,""
00:00:00 01/05/1998,""
00:00:00 01/06/1998,""
00:00:00 01/07/1998,""
00:00:00 01/08/1998,       0.058
00:00:00 01/09/1998,       0.118
00:00:00 01/10/1998,       0.103
00:00:00 01/11/1998,       0.091
00:00:00 01/12/1998,       0.086
00:00:00 01/01/1999,       0.082
00:00:00 01/02/1999,       0.066
00:00:00 01/03/1999,       0.030
00:00:00 01/04/1999,""
